{"cameraMode":{"drawMode":0,"name":"Shaded","section":"Shading Mode"},"sceneLighting":false,"audioPlay":false,"sceneViewState":{"m_AlwaysRefresh":false,"showFog":false,"showSkybox":false,"showFlares":false,"showImageEffects":false,"showParticleSystems":false,"showVisualEffectGraphs":true,"m_FxEnabled":true},"in2DMode":false,"pivot":{"x":0.0013014525175094605,"y":0.8117529153823853,"z":0.06249847263097763},"rotation":{"x":0.14918167889118195,"y":-0.1734144538640976,"z":0.025121480226516725,"w":0.9735034704208374},"size":0.9070166349411011,"orthographic":false}