{"cameraMode":{"drawMode":0,"name":"Shaded","section":"Shading Mode"},"sceneLighting":false,"audioPlay":false,"sceneViewState":{"m_AlwaysRefresh":false,"showFog":false,"showSkybox":false,"showFlares":false,"showImageEffects":false,"showParticleSystems":false,"showVisualEffectGraphs":true,"m_FxEnabled":true},"in2DMode":false,"pivot":{"x":0.010267883539199829,"y":0.772391676902771,"z":0.11662545800209046},"rotation":{"x":0.2322494238615036,"y":-0.0038073668256402017,"z":-0.0006138687022030354,"w":0.972985565662384},"size":0.9907397031784058,"orthographic":false}