{"cameraMode":{"drawMode":0,"name":"Shaded","section":"Shading Mode"},"sceneLighting":false,"audioPlay":false,"sceneViewState":{"m_AlwaysRefresh":false,"showFog":true,"showSkybox":false,"showFlares":true,"showImageEffects":true,"showParticleSystems":true,"showVisualEffectGraphs":true,"m_FxEnabled":true},"in2DMode":false,"pivot":{"x":0.3917039930820465,"y":0.40607950091362,"z":-0.050158124417066577},"rotation":{"x":0.044959522783756259,"y":0.033257026225328448,"z":-0.0014968697214499117,"w":0.9984382390975952},"size":0.6543198823928833,"orthographic":false}