{"cameraMode":{"drawMode":0,"name":"Shaded","section":"Shading Mode"},"sceneLighting":false,"audioPlay":false,"sceneViewState":{"m_AlwaysRefresh":false,"showFog":true,"showSkybox":false,"showFlares":true,"showImageEffects":true,"showParticleSystems":true,"showVisualEffectGraphs":true,"m_FxEnabled":true},"in2DMode":false,"pivot":{"x":-11.415750503540039,"y":1.7553176879882813,"z":30.828609466552736},"rotation":{"x":0.025363147258758546,"y":-0.3656842112541199,"z":0.01013172883540392,"w":0.9305426478385925},"size":14.054317474365235,"orthographic":false}