{"cameraMode":{"drawMode":0,"name":"Shaded","section":"Shading Mode"},"sceneLighting":false,"audioPlay":false,"sceneViewState":{"m_AlwaysRefresh":false,"showFog":false,"showSkybox":false,"showFlares":false,"showImageEffects":false,"showParticleSystems":false,"showVisualEffectGraphs":true,"m_FxEnabled":true},"in2DMode":false,"pivot":{"x":-0.2749457359313965,"y":1.3040187358856202,"z":-2.335994005203247},"rotation":{"x":0.0010345681803300977,"y":-0.9989699125289917,"z":0.0347929522395134,"w":0.03330402448773384},"size":1.4196655750274659,"orthographic":false}