{"cameraMode":{"drawMode":0,"name":"Shaded","section":"Shading Mode"},"sceneLighting":false,"audioPlay":false,"sceneViewState":{"m_AlwaysRefresh":false,"showFog":false,"showSkybox":false,"showFlares":false,"showImageEffects":false,"showParticleSystems":false,"showVisualEffectGraphs":true,"m_FxEnabled":true},"in2DMode":false,"pivot":{"x":-0.10716256499290467,"y":0.8871859908103943,"z":-0.2750685214996338},"rotation":{"x":0.013114468194544316,"y":-0.9832170605659485,"z":0.1715114861726761,"w":0.06593213230371475},"size":0.9398287534713745,"orthographic":false}