{"cameraMode":{"drawMode":0,"name":"Shaded","section":"Shading Mode"},"sceneLighting":false,"audioPlay":false,"sceneViewState":{"m_AlwaysRefresh":false,"showFog":false,"showSkybox":false,"showFlares":false,"showImageEffects":false,"showParticleSystems":false,"showVisualEffectGraphs":true,"m_FxEnabled":true},"in2DMode":false,"pivot":{"x":0.05719323456287384,"y":0.7481122016906738,"z":-0.04256024956703186},"rotation":{"x":0.05643568933010101,"y":-0.9354360699653626,"z":0.16717468202114106,"w":0.3073838949203491},"size":1.103639006614685,"orthographic":false}