{"cameraMode":{"drawMode":0,"name":"Shaded","section":"Shading Mode"},"sceneLighting":false,"audioPlay":false,"sceneViewState":{"showFog":false,"showMaterialUpdate":false,"showSkybox":false,"showFlares":false,"showImageEffects":false,"showParticleSystems":false,"showVisualEffectGraphs":true,"m_FxEnabled":true},"in2DMode":false,"pivot":{"x":0.1465565264225006,"y":0.9732193350791931,"z":0.20154277980327607},"rotation":{"x":0.000994545640423894,"y":0.9993847012519836,"z":-0.03779881075024605,"w":0.018763350322842599},"size":0.9726495146751404,"orthographic":false}